strain,read_count,frequency
C606.0T,2135,0.4959349593495935
C363.0T,1218,0.28292682926829266
WT,952,0.22113821138211381
